<?xml version="1.0" encoding="UTF-8"?>
<!DOCTYPE configuration
  PUBLIC "-//mybatis.org//DTD Config 3.0//EN"
  "http://mybatis.org/dtd/mybatis-3-config.dtd">
<configuration>
	<!-- db정보가담긴 프로퍼티 파일을 사용 하겠습니다. -->
	<properties resource="db.properties" />
	<!-- 타입의 별칭을 지정한다. 줄여서 사용하겠다. VO를 만들때마다 추가를 해준다. -->
	<typeAliases>
		<package name="kr.human.vo"/>
	</typeAliases>
	<!-- DB연결 정보 -->
	<environments default="development">
		<environment id="development">
			<transactionManager type="JDBC" />
			<dataSource type="POOLED">
				<property name="driver" value="${o.driver}" />
				<property name="url" value="${o.url}" />
				<property name="username" value="${o.username}" />
				<property name="password" value="${o.password}" />
			</dataSource>
		</environment>
	</environments>
	
	<!-- SQL명령이 들어있는 매퍼파일을 지정한다. 맵퍼파일은 여러개 만들수있다. 잊지말고 추가해주기 -->
	<mappers>
		<mapper resource="testMapper.xml" />
		<mapper resource="empMapper.xml" />
	</mappers>
</configuration>